<?xml version="1.0" encoding="UTF-8"?>
<!DOCTYPE hibernate-configuration PUBLIC
		"-//Hibernate/Hibernate Configuration DTD 3.0//EN"
		"http://www.hibernate.org/dtd/hibernate-configuration-3.0.dtd">
<hibernate-configuration>
    <session-factory>
        <property name="hibernate.dialect">org.hibernate.dialect.MySQLDialect</property>
        <property name="hbm2ddl.auto">update</property>
        <property name="show_sql">true</property>
        <mapping class="in.javahome.springmvc.model.Register"/>
    </session-factory>
</hibernate-configuration>
